{"cameraMode":{"drawMode":0,"name":"Shaded","section":"Shading Mode"},"sceneLighting":true,"audioPlay":false,"sceneViewState":{"showFog":true,"showMaterialUpdate":false,"showSkybox":true,"showFlares":true,"showImageEffects":true,"showParticleSystems":true},"in2DMode":false,"pivot":{"x":197.02806091308595,"y":-1.9719362258911133,"z":0.6482546329498291},"rotation":{"x":-0.21876828372478486,"y":0.29099297523498537,"z":-0.06853622943162918,"w":-0.9288532137870789},"size":3.960608959197998,"orthographic":false}