{"cameraMode":{"drawMode":0,"name":"Shaded","section":"Shading Mode"},"sceneLighting":false,"audioPlay":false,"sceneViewState":{"showFog":true,"showMaterialUpdate":false,"showSkybox":false,"showFlares":true,"showImageEffects":true,"showParticleSystems":true},"in2DMode":false,"pivot":{"x":38.97715377807617,"y":1.7118980884552003,"z":0.9839737415313721},"rotation":{"x":0.15322358906269074,"y":0.0299366507679224,"z":-0.004645321983844042,"w":0.9877329468727112},"size":4.070245265960693,"orthographic":false}