{"cameraMode":{"drawMode":0,"name":"Shaded","section":"Shading Mode"},"sceneLighting":true,"audioPlay":false,"sceneViewState":{"showFog":true,"showMaterialUpdate":false,"showSkybox":true,"showFlares":true,"showImageEffects":true,"showParticleSystems":true},"in2DMode":false,"pivot":{"x":35.201663970947269,"y":2.4200000762939455,"z":0.33487677574157717},"rotation":{"x":0.20329351723194123,"y":-0.04081747308373451,"z":0.008482088334858418,"w":0.9782365560531616},"size":2.8578836917877199,"orthographic":false}