{"cameraMode":{"drawMode":0,"name":"Shaded","section":"Shading Mode"},"sceneLighting":true,"audioPlay":false,"sceneViewState":{"showFog":true,"showMaterialUpdate":false,"showSkybox":true,"showFlares":true,"showImageEffects":true,"showParticleSystems":true},"in2DMode":false,"pivot":{"x":103.12019348144531,"y":0.49867331981658938,"z":-1.0413453578948975},"rotation":{"x":-0.23243772983551026,"y":0.09813286364078522,"z":-0.023581204935908319,"w":-0.9673651456832886},"size":8.271641731262207,"orthographic":false}