{"cameraMode":{"drawMode":0,"name":"Shaded","section":"Shading Mode"},"sceneLighting":true,"audioPlay":false,"sceneViewState":{"showFog":true,"showMaterialUpdate":false,"showSkybox":true,"showFlares":true,"showImageEffects":true,"showParticleSystems":true},"in2DMode":false,"pivot":{"x":30.209999084472658,"y":7.819999694824219,"z":0.30000001192092898},"rotation":{"x":0.0016628800658509136,"y":0.9769871830940247,"z":-0.2131551057100296,"w":0.007621485739946365},"size":1012.9911499023438,"orthographic":false}