{"cameraMode":{"drawMode":0,"name":"Shaded","section":"Shading Mode"},"sceneLighting":true,"audioPlay":false,"sceneViewState":{"showFog":true,"showMaterialUpdate":false,"showSkybox":true,"showFlares":true,"showImageEffects":true,"showParticleSystems":true},"in2DMode":false,"pivot":{"x":156.13064575195313,"y":-1.1927862167358399,"z":-0.030877351760864259},"rotation":{"x":-0.2552899420261383,"y":0.03392524644732475,"z":-0.008963710628449917,"w":-0.9662287831306458},"size":6.8133864402771,"orthographic":false}