{"cameraMode":{"drawMode":0,"name":"Shaded","section":"Shading Mode"},"sceneLighting":true,"audioPlay":false,"sceneViewState":{"showFog":true,"showMaterialUpdate":false,"showSkybox":true,"showFlares":true,"showImageEffects":true,"showParticleSystems":true},"in2DMode":false,"pivot":{"x":91.70999908447266,"y":3.5399999618530275,"z":0.0},"rotation":{"x":0.16747930645942689,"y":-0.020706402137875558,"z":0.0035183378495275976,"w":0.9856525659561157},"size":7.122274875640869,"orthographic":false}