{"cameraMode":{"drawMode":0,"name":"Shaded","section":"Shading Mode"},"sceneLighting":true,"audioPlay":false,"sceneViewState":{"showFog":true,"showMaterialUpdate":false,"showSkybox":true,"showFlares":true,"showImageEffects":true,"showParticleSystems":true},"in2DMode":false,"pivot":{"x":-15.007362365722657,"y":21.017120361328126,"z":0.00709986686706543},"rotation":{"x":-0.15122736990451814,"y":-0.000892476353328675,"z":0.00013655846123583615,"w":-0.9884995818138123},"size":3.9606106281280519,"orthographic":false}