{"cameraMode":{"drawMode":0,"name":"Shaded","section":"Shading Mode"},"sceneLighting":true,"audioPlay":false,"sceneViewState":{"showFog":true,"showMaterialUpdate":false,"showSkybox":true,"showFlares":true,"showImageEffects":true,"showParticleSystems":true},"in2DMode":false,"pivot":{"x":22.444421768188478,"y":-3.4873838424682619,"z":1.1842108964920045},"rotation":{"x":0.015076045878231526,"y":0.7840190529823303,"z":-0.6202618479728699,"w":0.019056029617786409},"size":20.791954040527345,"orthographic":false}