{"cameraMode":{"drawMode":0,"name":"Shaded","section":"Shading Mode"},"sceneLighting":true,"audioPlay":false,"sceneViewState":{"showFog":true,"showMaterialUpdate":false,"showSkybox":true,"showFlares":true,"showImageEffects":true,"showParticleSystems":true},"in2DMode":false,"pivot":{"x":56.39386749267578,"y":2.6800215244293215,"z":-0.11198514699935913},"rotation":{"x":-0.08630231767892838,"y":-0.0023929106537252666,"z":0.000207630597287789,"w":-0.9962702393531799},"size":3.8934805393218996,"orthographic":false}