{"cameraMode":{"drawMode":0,"name":"Shaded","section":"Shading Mode"},"sceneLighting":true,"audioPlay":false,"sceneViewState":{"showFog":true,"showMaterialUpdate":false,"showSkybox":true,"showFlares":true,"showImageEffects":true,"showParticleSystems":true},"in2DMode":false,"pivot":{"x":177.25315856933595,"y":4.432129859924316,"z":1.765625},"rotation":{"x":0.056960079818964007,"y":-0.01796979084610939,"z":0.0010251986095681787,"w":0.9982157945632935},"size":40.43834686279297,"orthographic":true}