{"cameraMode":{"drawMode":0,"name":"Shaded","section":"Shading Mode"},"sceneLighting":true,"audioPlay":false,"sceneViewState":{"showFog":true,"showMaterialUpdate":false,"showSkybox":true,"showFlares":true,"showImageEffects":true,"showParticleSystems":true},"in2DMode":false,"pivot":{"x":31.172849655151368,"y":-0.08369064331054688,"z":21.38167953491211},"rotation":{"x":-0.10511454939842224,"y":0.0035774772986769678,"z":-0.00037810669164173305,"w":-0.9944539666175842},"size":50.347068786621097,"orthographic":false}