{"cameraMode":{"drawMode":0,"name":"Shaded","section":"Shading Mode"},"sceneLighting":true,"audioPlay":false,"sceneViewState":{"showFog":true,"showMaterialUpdate":false,"showSkybox":true,"showFlares":true,"showImageEffects":true,"showParticleSystems":true},"in2DMode":false,"pivot":{"x":36.9716911315918,"y":23.312711715698243,"z":-26.334251403808595},"rotation":{"x":0.14261451363563538,"y":0.1273007094860077,"z":-0.01849927380681038,"w":0.9813836812973023},"size":83.5631103515625,"orthographic":false}