{"cameraMode":{"drawMode":0,"name":"Shaded","section":"Shading Mode"},"sceneLighting":true,"audioPlay":false,"sceneViewState":{"showFog":true,"showMaterialUpdate":false,"showSkybox":true,"showFlares":true,"showImageEffects":true,"showParticleSystems":true},"in2DMode":false,"pivot":{"x":151.14263916015626,"y":1.4771193265914918,"z":-0.0002739429473876953},"rotation":{"x":0.14261451363563538,"y":0.1273007094860077,"z":-0.01849927380681038,"w":0.9813836812973023},"size":50.45224380493164,"orthographic":false}