{"cameraMode":{"drawMode":0,"name":"Shaded","section":"Shading Mode"},"sceneLighting":true,"audioPlay":false,"sceneViewState":{"showFog":true,"showMaterialUpdate":false,"showSkybox":true,"showFlares":true,"showImageEffects":true,"showParticleSystems":true},"in2DMode":false,"pivot":{"x":-113.74665832519531,"y":4.505512714385986,"z":-6.659160614013672},"rotation":{"x":0.019786816090345384,"y":0.047967735677957538,"z":-0.0009413112420588732,"w":0.9986765384674072},"size":127.7014389038086,"orthographic":false}