{"cameraMode":{"drawMode":0,"name":"Shaded","section":"Shading Mode"},"sceneLighting":true,"audioPlay":false,"sceneViewState":{"showFog":true,"showMaterialUpdate":false,"showSkybox":true,"showFlares":true,"showImageEffects":true,"showParticleSystems":true},"in2DMode":false,"pivot":{"x":-9.735160827636719,"y":13.649824142456055,"z":-16.30994987487793},"rotation":{"x":0.019786816090345384,"y":0.047967735677957538,"z":-0.0009413112420588732,"w":0.9986765384674072},"size":14.007401466369629,"orthographic":false}