{"cameraMode":{"drawMode":0,"name":"Shaded","section":"Shading Mode"},"sceneLighting":true,"audioPlay":false,"sceneViewState":{"showFog":true,"showMaterialUpdate":false,"showSkybox":true,"showFlares":true,"showImageEffects":true,"showParticleSystems":true},"in2DMode":false,"pivot":{"x":-9.753999710083008,"y":22.32240104675293,"z":0.0},"rotation":{"x":-0.07146591693162918,"y":0.07115355879068375,"z":-0.005111103877425194,"w":-0.9948910474777222},"size":15.938458442687989,"orthographic":false}