{"cameraMode":{"drawMode":0,"name":"Shaded","section":"Shading Mode"},"sceneLighting":true,"audioPlay":false,"sceneViewState":{"showFog":true,"showMaterialUpdate":false,"showSkybox":true,"showFlares":true,"showImageEffects":true,"showParticleSystems":true},"in2DMode":false,"pivot":{"x":29.146259307861329,"y":8.015271186828614,"z":1.2393637895584107},"rotation":{"x":0.0327744297683239,"y":0.17745018005371095,"z":-0.005913036875426769,"w":0.9835676550865173},"size":3.5448997020721437,"orthographic":false}