{"cameraMode":{"drawMode":0,"name":"Shaded","section":"Shading Mode"},"sceneLighting":true,"audioPlay":false,"sceneViewState":{"showFog":true,"showMaterialUpdate":false,"showSkybox":true,"showFlares":true,"showImageEffects":true,"showParticleSystems":true},"in2DMode":false,"pivot":{"x":91.70999908447266,"y":3.5399999618530275,"z":0.0},"rotation":{"x":0.04558488726615906,"y":0.019773395732045175,"z":-0.0009025749750435352,"w":0.9987661838531494},"size":72.97151184082031,"orthographic":false}