{"cameraMode":{"drawMode":0,"name":"Shaded","section":"Shading Mode"},"sceneLighting":true,"audioPlay":false,"sceneViewState":{"showFog":true,"showMaterialUpdate":false,"showSkybox":true,"showFlares":true,"showImageEffects":true,"showParticleSystems":true},"in2DMode":false,"pivot":{"x":153.8851776123047,"y":-4.028000831604004,"z":-1.9910507202148438},"rotation":{"x":-0.13337554037570954,"y":0.022888941690325738,"z":-0.0030805424321442844,"w":-0.9907980561256409},"size":20.945241928100587,"orthographic":false}