{"cameraMode":{"drawMode":0,"name":"Shaded","section":"Shading Mode"},"sceneLighting":true,"audioPlay":false,"sceneViewState":{"showFog":true,"showMaterialUpdate":false,"showSkybox":true,"showFlares":true,"showImageEffects":true,"showParticleSystems":true},"in2DMode":false,"pivot":{"x":8.114982604980469,"y":-242.612548828125,"z":617.39111328125},"rotation":{"x":-0.19548290967941285,"y":0.024120211601257325,"z":-0.004808719735592604,"w":-0.9804002642631531},"size":909.904296875,"orthographic":false}