{"cameraMode":{"drawMode":0,"name":"Shaded","section":"Shading Mode"},"sceneLighting":false,"audioPlay":false,"sceneViewState":{"showFog":true,"showMaterialUpdate":false,"showSkybox":false,"showFlares":true,"showImageEffects":true,"showParticleSystems":true},"in2DMode":false,"pivot":{"x":156.01979064941407,"y":-0.28150618076324465,"z":0.000702202320098877},"rotation":{"x":-0.0022568076383322479,"y":-0.9972510933876038,"z":0.06592501699924469,"w":-0.034112270921468738},"size":3.310584545135498,"orthographic":false}