{"cameraMode":{"drawMode":0,"name":"Shaded","section":"Shading Mode"},"sceneLighting":true,"audioPlay":false,"sceneViewState":{"showFog":true,"showMaterialUpdate":false,"showSkybox":true,"showFlares":true,"showImageEffects":true,"showParticleSystems":true},"in2DMode":false,"pivot":{"x":241.9903564453125,"y":10.375770568847657,"z":1.026252031326294},"rotation":{"x":-0.07833555340766907,"y":-0.22093822062015534,"z":0.017764773219823839,"w":-0.9720019102096558},"size":64.39463806152344,"orthographic":false}