{"cameraMode":{"drawMode":0,"name":"Shaded","section":"Shading Mode"},"sceneLighting":false,"audioPlay":false,"sceneViewState":{"showFog":true,"showMaterialUpdate":false,"showSkybox":false,"showFlares":true,"showImageEffects":true,"showParticleSystems":true},"in2DMode":false,"pivot":{"x":-508.5584716796875,"y":-188.6092987060547,"z":-531.4732055664063},"rotation":{"x":-0.26529937982559206,"y":0.0008586981566622853,"z":-0.0002608615905046463,"w":-0.9641848802566528},"size":564.13916015625,"orthographic":false}