{"cameraMode":{"drawMode":0,"name":"Shaded","section":"Shading Mode"},"sceneLighting":true,"audioPlay":false,"sceneViewState":{"showFog":true,"showMaterialUpdate":false,"showSkybox":true,"showFlares":true,"showImageEffects":true,"showParticleSystems":true},"in2DMode":false,"pivot":{"x":34.86125564575195,"y":2.708470344543457,"z":-0.9584430456161499},"rotation":{"x":-0.01799117587506771,"y":0.04407641291618347,"z":-0.0007919483468867838,"w":-0.9988687634468079},"size":2.985286235809326,"orthographic":false}