{"cameraMode":{"drawMode":0,"name":"Shaded","section":"Shading Mode"},"sceneLighting":true,"audioPlay":false,"sceneViewState":{"showFog":true,"showMaterialUpdate":false,"showSkybox":true,"showFlares":true,"showImageEffects":true,"showParticleSystems":true},"in2DMode":false,"pivot":{"x":30.562774658203126,"y":8.198628425598145,"z":0.08602660894393921},"rotation":{"x":0.07037966698408127,"y":-0.04517761617898941,"z":0.0031866938807070257,"w":0.9965013265609741},"size":1.8714783191680909,"orthographic":false}