{"cameraMode":{"drawMode":0,"name":"Shaded","section":"Shading Mode"},"sceneLighting":true,"audioPlay":false,"sceneViewState":{"showFog":true,"showMaterialUpdate":false,"showSkybox":true,"showFlares":true,"showImageEffects":true,"showParticleSystems":true},"in2DMode":false,"pivot":{"x":183.6257781982422,"y":13.269549369812012,"z":-12.62486457824707},"rotation":{"x":0.16996078193187715,"y":0.33125320076942446,"z":-0.06079128012061119,"w":0.9261168241500855},"size":20.161237716674806,"orthographic":false}