{"cameraMode":{"drawMode":0,"name":"Shaded","section":"Shading Mode"},"sceneLighting":true,"audioPlay":false,"sceneViewState":{"showFog":true,"showMaterialUpdate":false,"showSkybox":true,"showFlares":true,"showImageEffects":true,"showParticleSystems":true},"in2DMode":false,"pivot":{"x":12.938175201416016,"y":-16.147014617919923,"z":0.6781911253929138},"rotation":{"x":-0.3534562587738037,"y":-0.6222042441368103,"z":0.37196195125579836,"w":-0.5912488698959351},"size":37.058753967285159,"orthographic":false}