{"cameraMode":{"drawMode":0,"name":"Shaded","section":"Shading Mode"},"sceneLighting":true,"audioPlay":false,"sceneViewState":{"showFog":true,"showMaterialUpdate":false,"showSkybox":true,"showFlares":true,"showImageEffects":true,"showParticleSystems":true},"in2DMode":false,"pivot":{"x":72.86234283447266,"y":-1.522233009338379,"z":68.5549087524414},"rotation":{"x":-0.07962532341480255,"y":0.049918148666620257,"z":-0.0039941491559147839,"w":-0.9955729246139526},"size":96.23339080810547,"orthographic":false}