{"cameraMode":{"drawMode":0,"name":"Shaded","section":"Shading Mode"},"sceneLighting":false,"audioPlay":false,"sceneViewState":{"showFog":true,"showMaterialUpdate":false,"showSkybox":false,"showFlares":true,"showImageEffects":true,"showParticleSystems":true},"in2DMode":false,"pivot":{"x":72.10916137695313,"y":5.1590728759765629,"z":62.79999923706055},"rotation":{"x":-0.06887932121753693,"y":0.10366111993789673,"z":-0.007197210565209389,"w":-0.9922029972076416},"size":94.88438415527344,"orthographic":false}