{"cameraMode":{"drawMode":0,"name":"Shaded","section":"Shading Mode"},"sceneLighting":true,"audioPlay":false,"sceneViewState":{"showFog":true,"showMaterialUpdate":false,"showSkybox":true,"showFlares":true,"showImageEffects":true,"showParticleSystems":true},"in2DMode":false,"pivot":{"x":-13.130451202392579,"y":19.067293167114259,"z":3.3035085201263429},"rotation":{"x":-0.12119361013174057,"y":0.01786116510629654,"z":-0.0021973121911287309,"w":-0.9924896955490112},"size":10.543526649475098,"orthographic":false}