{"cameraMode":{"drawMode":0,"name":"Shaded","section":"Shading Mode"},"sceneLighting":true,"audioPlay":false,"sceneViewState":{"showFog":true,"showMaterialUpdate":false,"showSkybox":true,"showFlares":true,"showImageEffects":true,"showParticleSystems":true},"in2DMode":false,"pivot":{"x":135.35000610351563,"y":4.75,"z":-0.10000000894069672},"rotation":{"x":0.12122877687215805,"y":0.1527232527732849,"z":-0.018880290910601617,"w":0.980624258518219},"size":23.177209854125978,"orthographic":true}