{"cameraMode":{"drawMode":0,"name":"Shaded","section":"Shading Mode"},"sceneLighting":true,"audioPlay":false,"sceneViewState":{"showFog":true,"showMaterialUpdate":false,"showSkybox":true,"showFlares":true,"showImageEffects":true,"showParticleSystems":true},"in2DMode":false,"pivot":{"x":-17.933807373046876,"y":18.12870979309082,"z":-6.658392906188965},"rotation":{"x":0.17447786033153535,"y":-0.03691514953970909,"z":0.006546091753989458,"w":0.9839478135108948},"size":15.041726112365723,"orthographic":false}