{"cameraMode":{"drawMode":0,"name":"Shaded","section":"Shading Mode"},"sceneLighting":true,"audioPlay":false,"sceneViewState":{"showFog":true,"showMaterialUpdate":false,"showSkybox":true,"showFlares":true,"showImageEffects":true,"showParticleSystems":true},"in2DMode":false,"pivot":{"x":104.6160888671875,"y":16.85224151611328,"z":4.1518707275390629},"rotation":{"x":-0.09316683560609818,"y":0.012541958130896092,"z":-0.0011737123131752015,"w":-0.9955710172653198},"size":104.13668060302735,"orthographic":false}