{"cameraMode":{"drawMode":2,"name":"Shaded Wireframe","section":"Shading Mode"},"sceneLighting":false,"audioPlay":false,"sceneViewState":{"showFog":true,"showMaterialUpdate":true,"showSkybox":false,"showFlares":true,"showImageEffects":true,"showParticleSystems":true},"in2DMode":false,"pivot":{"x":-13.40999984741211,"y":22.187034606933595,"z":-0.0002739429473876953},"rotation":{"x":0.12269024550914765,"y":-4.787382863469247e-7,"z":-5.4201262145170406e-8,"w":0.9924460053443909},"size":4.079208850860596,"orthographic":false}