{"cameraMode":{"drawMode":0,"name":"Shaded","section":"Shading Mode"},"sceneLighting":true,"audioPlay":false,"sceneViewState":{"showFog":true,"showMaterialUpdate":true,"showSkybox":true,"showFlares":true,"showImageEffects":true,"showParticleSystems":true},"in2DMode":false,"pivot":{"x":137.0726318359375,"y":6.537118911743164,"z":-0.0002739429473876953},"rotation":{"x":0.1473407745361328,"y":0.016319023445248605,"z":-0.002437278628349304,"w":0.9889605641365051},"size":6.060610294342041,"orthographic":false}