{"cameraMode":{"drawMode":0,"name":"Shaded","section":"Shading Mode"},"sceneLighting":true,"audioPlay":false,"sceneViewState":{"showFog":true,"showMaterialUpdate":true,"showSkybox":true,"showFlares":true,"showImageEffects":true,"showParticleSystems":true},"in2DMode":false,"pivot":{"x":-16.51706314086914,"y":-18.764047622680665,"z":-6.383495330810547},"rotation":{"x":0.1672118902206421,"y":0.002955893985927105,"z":-0.0005070720217190683,"w":0.9859259724617004},"size":164.48658752441407,"orthographic":false}