{"cameraMode":{"drawMode":2,"name":"Shaded Wireframe","section":"Shading Mode"},"sceneLighting":true,"audioPlay":false,"sceneViewState":{"showFog":true,"showMaterialUpdate":true,"showSkybox":true,"showFlares":true,"showImageEffects":true,"showParticleSystems":true},"in2DMode":false,"pivot":{"x":23.57978630065918,"y":2.6323344707489015,"z":0.20179617404937745},"rotation":{"x":0.17459578812122346,"y":0.00738495821133256,"z":-0.0013093898305669428,"w":0.9846133589744568},"size":12.050093650817871,"orthographic":true}