{"cameraMode":{"drawMode":0,"name":"Shaded","section":"Shading Mode"},"sceneLighting":true,"audioPlay":false,"sceneViewState":{"showFog":true,"showMaterialUpdate":true,"showSkybox":true,"showFlares":true,"showImageEffects":true,"showParticleSystems":true},"in2DMode":false,"pivot":{"x":155.64187622070313,"y":2.307485580444336,"z":0.5294456481933594},"rotation":{"x":0.1428953856229782,"y":-0.013360317796468735,"z":0.001930700265802443,"w":0.9896528124809265},"size":21.038103103637697,"orthographic":false}