{"cameraMode":{"drawMode":0,"name":"Shaded","section":"Shading Mode"},"sceneLighting":true,"audioPlay":false,"sceneViewState":{"showFog":true,"showMaterialUpdate":true,"showSkybox":true,"showFlares":true,"showImageEffects":true,"showParticleSystems":true},"in2DMode":false,"pivot":{"x":-19.198070526123048,"y":-13.359135627746582,"z":61.373538970947269},"rotation":{"x":0.21970517933368684,"y":-0.064337357878685,"z":0.014513202011585236,"w":0.9733473062515259},"size":90.7337646484375,"orthographic":false}