{"cameraMode":{"drawMode":0,"name":"Shaded","section":"Shading Mode"},"sceneLighting":false,"audioPlay":false,"sceneViewState":{"showFog":false,"showMaterialUpdate":false,"showSkybox":false,"showFlares":false,"showImageEffects":false,"showParticleSystems":false},"in2DMode":false,"pivot":{"x":5.201830863952637,"y":5.520879745483398,"z":31.83694839477539},"rotation":{"x":0.16404205560684205,"y":0.1910381019115448,"z":-0.032400116324424747,"w":0.9672378897666931},"size":45.83452606201172,"orthographic":false}