{"cameraMode":{"drawMode":0,"name":"Shaded","section":"Shading Mode"},"sceneLighting":true,"audioPlay":false,"sceneViewState":{"showFog":true,"showMaterialUpdate":true,"showSkybox":true,"showFlares":true,"showImageEffects":true,"showParticleSystems":true},"in2DMode":false,"pivot":{"x":117.30787658691406,"y":0.9911022186279297,"z":-3.0584945678710939},"rotation":{"x":0.11724011600017548,"y":-0.0803496241569519,"z":0.009517785161733628,"w":0.9898066520690918},"size":130.59303283691407,"orthographic":false}