{"cameraMode":{"drawMode":2,"name":"Shaded Wireframe","section":"Shading Mode"},"sceneLighting":true,"audioPlay":false,"sceneViewState":{"showFog":true,"showMaterialUpdate":true,"showSkybox":true,"showFlares":true,"showImageEffects":true,"showParticleSystems":true},"in2DMode":false,"pivot":{"x":11.236627578735352,"y":6.267715930938721,"z":-26.108448028564454},"rotation":{"x":0.0018464921740815044,"y":0.9949206709861755,"z":-0.09912135452032089,"w":0.01850343681871891},"size":51.580299377441409,"orthographic":false}