{"cameraMode":{"drawMode":2,"name":"Shaded Wireframe","section":"Shading Mode"},"sceneLighting":true,"audioPlay":false,"sceneViewState":{"showFog":true,"showMaterialUpdate":true,"showSkybox":true,"showFlares":true,"showImageEffects":true,"showParticleSystems":true},"in2DMode":false,"pivot":{"x":29.014915466308595,"y":-4.967567443847656,"z":7.839933395385742},"rotation":{"x":0.2720942199230194,"y":-0.05337189510464668,"z":0.015118913725018502,"w":0.9606888890266419},"size":22.673397064208986,"orthographic":false}