{"cameraMode":{"drawMode":0,"name":"Shaded","section":"Shading Mode"},"sceneLighting":true,"audioPlay":false,"sceneViewState":{"showFog":true,"showMaterialUpdate":true,"showSkybox":true,"showFlares":true,"showImageEffects":true,"showParticleSystems":true},"in2DMode":false,"pivot":{"x":248.01397705078126,"y":-17.01786994934082,"z":-4.387882232666016},"rotation":{"x":0.2304486334323883,"y":-0.21394938230514527,"z":0.05201670154929161,"w":0.9478512406349182},"size":57.51933670043945,"orthographic":true}