{"cameraMode":{"drawMode":2,"name":"Shaded Wireframe","section":"Shading Mode"},"sceneLighting":true,"audioPlay":false,"sceneViewState":{"showFog":true,"showMaterialUpdate":true,"showSkybox":true,"showFlares":true,"showImageEffects":true,"showParticleSystems":true},"in2DMode":false,"pivot":{"x":92.31304931640625,"y":6.934993743896484,"z":-0.9795188903808594},"rotation":{"x":0.16868892312049867,"y":0.0029569007456302644,"z":-0.0005060323746874929,"w":0.9856651425361633},"size":54.12408447265625,"orthographic":false}