{"cameraMode":{"drawMode":0,"name":"Shaded","section":"Shading Mode"},"sceneLighting":true,"audioPlay":false,"sceneViewState":{"showFog":true,"showMaterialUpdate":true,"showSkybox":true,"showFlares":true,"showImageEffects":true,"showParticleSystems":true},"in2DMode":false,"pivot":{"x":170.7265167236328,"y":-1.152811050415039,"z":6.671970367431641},"rotation":{"x":0.15239852666854859,"y":0.00830009113997221,"z":-0.0012798613170161844,"w":0.9882839322090149},"size":35.226436614990237,"orthographic":false}