{"cameraMode":{"drawMode":2,"name":"Shaded Wireframe","section":"Shading Mode"},"sceneLighting":true,"audioPlay":false,"sceneViewState":{"showFog":true,"showMaterialUpdate":true,"showSkybox":true,"showFlares":true,"showImageEffects":true,"showParticleSystems":true},"in2DMode":false,"pivot":{"x":30.07212257385254,"y":2.807803153991699,"z":-2.096001625061035},"rotation":{"x":0.03479280695319176,"y":0.02397850528359413,"z":-0.0008352075819857419,"w":0.9991082549095154},"size":3.8599536418914797,"orthographic":false}