{"cameraMode":{"drawMode":0,"name":"Shaded","section":"Shading Mode"},"sceneLighting":true,"audioPlay":false,"sceneViewState":{"showFog":true,"showMaterialUpdate":true,"showSkybox":true,"showFlares":true,"showImageEffects":true,"showParticleSystems":true},"in2DMode":false,"pivot":{"x":30.13219451904297,"y":5.7785258293151859,"z":-0.578486442565918},"rotation":{"x":0.20153361558914185,"y":-0.13468487560749055,"z":0.02798907645046711,"w":0.9697772264480591},"size":13.597224235534668,"orthographic":false}