{"cameraMode":{"drawMode":0,"name":"Shaded","section":"Shading Mode"},"sceneLighting":true,"audioPlay":false,"sceneViewState":{"showFog":true,"showMaterialUpdate":true,"showSkybox":true,"showFlares":true,"showImageEffects":true,"showParticleSystems":true},"in2DMode":false,"pivot":{"x":157.02061462402345,"y":-7.325003147125244,"z":0.2859678268432617},"rotation":{"x":0.0068984078243374828,"y":-0.0029993951320648195,"z":0.000021593104975181632,"w":0.9999781250953674},"size":14.360546112060547,"orthographic":false}