{"cameraMode":{"drawMode":2,"name":"Shaded Wireframe","section":"Shading Mode"},"sceneLighting":true,"audioPlay":false,"sceneViewState":{"showFog":true,"showMaterialUpdate":true,"showSkybox":true,"showFlares":true,"showImageEffects":true,"showParticleSystems":true},"in2DMode":false,"pivot":{"x":56.33170700073242,"y":-2.5973563194274904,"z":7.410006999969482},"rotation":{"x":0.18337439000606538,"y":0.029486538842320443,"z":-0.005507363472133875,"w":0.9825977087020874},"size":23.63494110107422,"orthographic":false}