{"cameraMode":{"drawMode":2,"name":"Shaded Wireframe","section":"Shading Mode"},"sceneLighting":true,"audioPlay":false,"sceneViewState":{"showFog":true,"showMaterialUpdate":true,"showSkybox":true,"showFlares":true,"showImageEffects":true,"showParticleSystems":true},"in2DMode":false,"pivot":{"x":34.963993072509769,"y":2.2024338245391847,"z":0.0},"rotation":{"x":0.32675081491470339,"y":-0.02693190984427929,"z":0.009310703724622727,"w":0.9446935057640076},"size":6.1578850746154789,"orthographic":false}