{"cameraMode":{"drawMode":0,"name":"Shaded","section":"Shading Mode"},"sceneLighting":true,"audioPlay":false,"sceneViewState":{"showFog":true,"showMaterialUpdate":true,"showSkybox":true,"showFlares":true,"showImageEffects":true,"showParticleSystems":true},"in2DMode":false,"pivot":{"x":175.71633911132813,"y":-0.24840041995048524,"z":-3.046290397644043},"rotation":{"x":0.11314982175827027,"y":0.010432920418679715,"z":-0.0011877170763909817,"w":0.9935274124145508},"size":77.86914825439453,"orthographic":false}