{"cameraMode":{"drawMode":0,"name":"Shaded","section":"Shading Mode"},"sceneLighting":true,"audioPlay":false,"sceneViewState":{"showFog":true,"showMaterialUpdate":true,"showSkybox":true,"showFlares":true,"showImageEffects":true,"showParticleSystems":true},"in2DMode":false,"pivot":{"x":30.209999084472658,"y":9.109999656677246,"z":-9.65599536895752},"rotation":{"x":0.28542274236679079,"y":-0.018691007047891618,"z":0.005558510310947895,"w":0.9582161903381348},"size":29.467153549194337,"orthographic":false}