{"cameraMode":{"drawMode":0,"name":"Shaded","section":"Shading Mode"},"sceneLighting":true,"audioPlay":false,"sceneViewState":{"showFog":true,"showMaterialUpdate":true,"showSkybox":true,"showFlares":true,"showImageEffects":true,"showParticleSystems":true},"in2DMode":false,"pivot":{"x":200.45518493652345,"y":-8.830390930175782,"z":28.19473648071289},"rotation":{"x":0.09136316180229187,"y":0.014935257844626904,"z":-0.001377635053358972,"w":0.995715320110321},"size":118.00401306152344,"orthographic":false}