{"cameraMode":{"drawMode":2,"name":"Shaded Wireframe","section":"Shading Mode"},"sceneLighting":true,"audioPlay":false,"sceneViewState":{"showFog":true,"showMaterialUpdate":true,"showSkybox":true,"showFlares":true,"showImageEffects":true,"showParticleSystems":true},"in2DMode":false,"pivot":{"x":46.26430892944336,"y":4.03771448135376,"z":32.83155059814453},"rotation":{"x":0.07213195413351059,"y":0.9005875587463379,"z":-0.16040995717048646,"w":0.3977685868740082},"size":5.265761375427246,"orthographic":false}