{"cameraMode":{"drawMode":0,"name":"Shaded","section":"Shading Mode"},"sceneLighting":true,"audioPlay":false,"sceneViewState":{"showFog":true,"showMaterialUpdate":true,"showSkybox":true,"showFlares":true,"showImageEffects":true,"showParticleSystems":true},"in2DMode":false,"pivot":{"x":255.7036895751953,"y":10.727099418640137,"z":-0.10625000298023224},"rotation":{"x":-0.008999377489089966,"y":0.01049934234470129,"z":0.00009449445497011766,"w":0.9999045133590698},"size":30.824066162109376,"orthographic":true}