{"cameraMode":{"drawMode":2,"name":"Shaded Wireframe","section":"Shading Mode"},"sceneLighting":true,"audioPlay":false,"sceneViewState":{"showFog":true,"showMaterialUpdate":true,"showSkybox":true,"showFlares":true,"showImageEffects":true,"showParticleSystems":true},"in2DMode":false,"pivot":{"x":32.454742431640628,"y":3.2691543102264406,"z":0.05093670263886452},"rotation":{"x":0.10777374356985092,"y":0.01789482869207859,"z":-0.0019431289983913303,"w":0.994024932384491},"size":8.058903694152832,"orthographic":false}