{"cameraMode":{"drawMode":0,"name":"Shaded","section":"Shading Mode"},"sceneLighting":false,"audioPlay":false,"sceneViewState":{"showFog":true,"showMaterialUpdate":true,"showSkybox":true,"showFlares":true,"showImageEffects":true,"showParticleSystems":true},"in2DMode":false,"pivot":{"x":-38.44982147216797,"y":17.699373245239259,"z":-15.354150772094727},"rotation":{"x":0.25602224469184878,"y":-0.3494899868965149,"z":0.09988679736852646,"w":0.8957408666610718},"size":42.36138153076172,"orthographic":false}