{"cameraMode":{"drawMode":0,"name":"Shaded","section":"Shading Mode"},"sceneLighting":true,"audioPlay":false,"sceneViewState":{"showFog":true,"showMaterialUpdate":true,"showSkybox":true,"showFlares":true,"showImageEffects":true,"showParticleSystems":true},"in2DMode":false,"pivot":{"x":201.91754150390626,"y":12.019243240356446,"z":1.2500957250595093},"rotation":{"x":0.0743219256401062,"y":-0.014957427978515625,"z":0.0011157954577356578,"w":0.9971277713775635},"size":30.95868492126465,"orthographic":false}