{"cameraMode":{"drawMode":0,"name":"Shaded","section":"Shading Mode"},"sceneLighting":true,"audioPlay":false,"sceneViewState":{"showFog":true,"showMaterialUpdate":true,"showSkybox":true,"showFlares":true,"showImageEffects":true,"showParticleSystems":true},"in2DMode":false,"pivot":{"x":226.455078125,"y":-2.4445550441741945,"z":34.597747802734378},"rotation":{"x":0.17245300114154817,"y":-0.02954566292464733,"z":0.005175681784749031,"w":0.9845636487007141},"size":62.42545700073242,"orthographic":false}