{"cameraMode":{"drawMode":0,"name":"Shaded","section":"Shading Mode"},"sceneLighting":true,"audioPlay":false,"sceneViewState":{"showFog":false,"showMaterialUpdate":false,"showSkybox":false,"showFlares":false,"showImageEffects":false,"showParticleSystems":false},"in2DMode":false,"pivot":{"x":77.3602294921875,"y":6.735796928405762,"z":-0.28366565704345705},"rotation":{"x":0.10469412803649903,"y":0.17214299738407136,"z":-0.018402209505438806,"w":0.9793271422386169},"size":4.260609149932861,"orthographic":false}