{"cameraMode":{"drawMode":2,"name":"Shaded Wireframe","section":"Shading Mode"},"sceneLighting":true,"audioPlay":false,"sceneViewState":{"showFog":true,"showMaterialUpdate":true,"showSkybox":true,"showFlares":true,"showImageEffects":true,"showParticleSystems":true},"in2DMode":false,"pivot":{"x":22.3052921295166,"y":2.98710036277771,"z":1.1570665836334229},"rotation":{"x":0.17826485633850099,"y":-0.2322385460138321,"z":0.04333793744444847,"w":0.9552140831947327},"size":29.178218841552736,"orthographic":false}