{"cameraMode":{"drawMode":2,"name":"Shaded Wireframe","section":"Shading Mode"},"sceneLighting":true,"audioPlay":false,"sceneViewState":{"showFog":true,"showMaterialUpdate":true,"showSkybox":true,"showFlares":true,"showImageEffects":true,"showParticleSystems":true},"in2DMode":false,"pivot":{"x":32.937950134277347,"y":3.7442007064819338,"z":-0.11028243601322174},"rotation":{"x":0.06292490661144257,"y":-0.03292849659919739,"z":0.0020742074120789768,"w":0.997486412525177},"size":17.71807098388672,"orthographic":false}