{"cameraMode":{"drawMode":0,"name":"Shaded","section":"Shading Mode"},"sceneLighting":false,"audioPlay":false,"sceneViewState":{"showFog":true,"showMaterialUpdate":true,"showSkybox":false,"showFlares":true,"showImageEffects":true,"showParticleSystems":true},"in2DMode":false,"pivot":{"x":-27.722684860229493,"y":5.400819301605225,"z":0.31354236602783205},"rotation":{"x":0.17061059176921845,"y":-0.07087765634059906,"z":0.012306210584938527,"w":0.9827163815498352},"size":5.714890003204346,"orthographic":false}