{"cameraMode":{"drawMode":2,"name":"Shaded Wireframe","section":"Shading Mode"},"sceneLighting":false,"audioPlay":false,"sceneViewState":{"showFog":true,"showMaterialUpdate":true,"showSkybox":false,"showFlares":true,"showImageEffects":true,"showParticleSystems":true},"in2DMode":false,"pivot":{"x":0.0006048679351806641,"y":2.027233839035034,"z":0.08830380439758301},"rotation":{"x":0.11354149132966995,"y":0.01237762812525034,"z":-0.00015904070460237563,"w":0.9934779405593872},"size":7.713436126708984,"orthographic":false}