{"cameraMode":{"drawMode":0,"name":"Shaded","section":"Shading Mode"},"sceneLighting":true,"audioPlay":false,"sceneViewState":{"showFog":true,"showMaterialUpdate":true,"showSkybox":true,"showFlares":true,"showImageEffects":true,"showParticleSystems":true},"in2DMode":false,"pivot":{"x":215.9676055908203,"y":-3.3442869186401369,"z":-5.009503364562988},"rotation":{"x":0.17607381939888,"y":-0.006498513277620077,"z":0.0011624706676229835,"w":0.9843562245368958},"size":12.786398887634278,"orthographic":false}