{"cameraMode":{"drawMode":2,"name":"Shaded Wireframe","section":"Shading Mode"},"sceneLighting":true,"audioPlay":false,"sceneViewState":{"showFog":true,"showMaterialUpdate":true,"showSkybox":true,"showFlares":true,"showImageEffects":true,"showParticleSystems":true},"in2DMode":false,"pivot":{"x":39.125389099121097,"y":6.999610900878906,"z":1.4626657962799073},"rotation":{"x":0.13739407062530518,"y":-0.04900921881198883,"z":0.006806343328207731,"w":0.9892847537994385},"size":42.262413024902347,"orthographic":false}