{"cameraMode":{"drawMode":0,"name":"Shaded","section":"Shading Mode"},"sceneLighting":true,"audioPlay":false,"sceneViewState":{"showFog":true,"showMaterialUpdate":true,"showSkybox":true,"showFlares":true,"showImageEffects":true,"showParticleSystems":true},"in2DMode":false,"pivot":{"x":142.92420959472657,"y":20.301759719848634,"z":-25.65799903869629},"rotation":{"x":0.2672722041606903,"y":-0.04767674207687378,"z":0.013235412538051606,"w":0.9623619318008423},"size":3.5765767097473146,"orthographic":false}