{"cameraMode":{"drawMode":0,"name":"Shaded","section":"Shading Mode"},"sceneLighting":true,"audioPlay":false,"sceneViewState":{"showFog":true,"showMaterialUpdate":true,"showSkybox":true,"showFlares":true,"showImageEffects":true,"showParticleSystems":true},"in2DMode":false,"pivot":{"x":174.62265014648438,"y":2.690319299697876,"z":14.478897094726563},"rotation":{"x":0.15388356149196626,"y":-0.005928469356149435,"z":0.0009236580226570368,"w":0.9880719780921936},"size":49.85759353637695,"orthographic":false}