{"cameraMode":{"drawMode":0,"name":"Shaded","section":"Shading Mode"},"sceneLighting":true,"audioPlay":false,"sceneViewState":{"showFog":true,"showMaterialUpdate":true,"showSkybox":true,"showFlares":true,"showImageEffects":true,"showParticleSystems":true},"in2DMode":false,"pivot":{"x":2.5213472843170168,"y":1.4670000076293946,"z":1.2465877532958985},"rotation":{"x":-0.028266094624996187,"y":0.9508745074272156,"z":-0.2944627106189728,"w":-0.09127664566040039},"size":24.034503936767579,"orthographic":false}