{"cameraMode":{"drawMode":2,"name":"Shaded Wireframe","section":"Shading Mode"},"sceneLighting":true,"audioPlay":false,"sceneViewState":{"showFog":true,"showMaterialUpdate":true,"showSkybox":true,"showFlares":true,"showImageEffects":true,"showParticleSystems":true},"in2DMode":false,"pivot":{"x":36.343597412109378,"y":-4.421060562133789,"z":-8.906700134277344},"rotation":{"x":0.22541077435016633,"y":0.08756518363952637,"z":-0.020337218418717386,"w":0.9701290130615234},"size":86.10487365722656,"orthographic":false}