{"cameraMode":{"drawMode":0,"name":"Shaded","section":"Shading Mode"},"sceneLighting":true,"audioPlay":false,"sceneViewState":{"showFog":true,"showMaterialUpdate":true,"showSkybox":true,"showFlares":true,"showImageEffects":true,"showParticleSystems":true},"in2DMode":false,"pivot":{"x":136.62037658691407,"y":-20.407752990722658,"z":-80.1254653930664},"rotation":{"x":0.10314802080392838,"y":-0.05666516348719597,"z":0.005884610116481781,"w":0.9930369853973389},"size":646.8773193359375,"orthographic":false}