{"cameraMode":{"drawMode":0,"name":"Shaded","section":"Shading Mode"},"sceneLighting":false,"audioPlay":false,"sceneViewState":{"showFog":true,"showMaterialUpdate":false,"showSkybox":false,"showFlares":true,"showImageEffects":true,"showParticleSystems":true},"in2DMode":false,"pivot":{"x":44.11647415161133,"y":3.342628002166748,"z":-0.23145470023155213},"rotation":{"x":-0.19380958378314973,"y":-0.050893500447273257,"z":0.010068531148135662,"w":-0.9796695709228516},"size":11.871871948242188,"orthographic":false}