{"cameraMode":{"drawMode":0,"name":"Shaded","section":"Shading Mode"},"sceneLighting":true,"audioPlay":false,"sceneViewState":{"showFog":true,"showMaterialUpdate":false,"showSkybox":true,"showFlares":true,"showImageEffects":true,"showParticleSystems":true},"in2DMode":false,"pivot":{"x":33.14862823486328,"y":6.273431777954102,"z":-6.445641994476318},"rotation":{"x":-0.20920895040035249,"y":-0.18730348348617555,"z":0.0408649742603302,"w":-0.9588993191719055},"size":7.956758975982666,"orthographic":false}