{"cameraMode":{"drawMode":0,"name":"Shaded","section":"Shading Mode"},"sceneLighting":true,"audioPlay":false,"sceneViewState":{"showFog":true,"showMaterialUpdate":false,"showSkybox":true,"showFlares":true,"showImageEffects":true,"showParticleSystems":true},"in2DMode":false,"pivot":{"x":49.9698486328125,"y":18.85726547241211,"z":94.87334442138672},"rotation":{"x":-0.10804653912782669,"y":-0.030717169865965844,"z":0.0033403614070266487,"w":-0.9936671257019043},"size":3.694889545440674,"orthographic":false}