{"cameraMode":{"drawMode":0,"name":"Shaded","section":"Shading Mode"},"sceneLighting":true,"audioPlay":false,"sceneViewState":{"showFog":true,"showMaterialUpdate":false,"showSkybox":true,"showFlares":true,"showImageEffects":true,"showParticleSystems":true},"in2DMode":false,"pivot":{"x":39.24321746826172,"y":3.7559423446655275,"z":1.3507270812988282},"rotation":{"x":-0.19005849957466126,"y":-0.3044015169143677,"z":0.062120795249938968,"w":-0.9313226938247681},"size":16.489421844482423,"orthographic":false}