{"cameraMode":{"drawMode":0,"name":"Shaded","section":"Shading Mode"},"sceneLighting":true,"audioPlay":false,"sceneViewState":{"showFog":true,"showMaterialUpdate":false,"showSkybox":true,"showFlares":true,"showImageEffects":true,"showParticleSystems":true},"in2DMode":false,"pivot":{"x":57.4616584777832,"y":-30.113414764404298,"z":146.1536102294922},"rotation":{"x":0.11850786954164505,"y":0.01935683563351631,"z":-0.002310804557055235,"w":0.9927623271942139},"size":270.3341064453125,"orthographic":false}