{"cameraMode":{"drawMode":0,"name":"Shaded","section":"Shading Mode"},"sceneLighting":true,"audioPlay":false,"sceneViewState":{"showFog":true,"showMaterialUpdate":false,"showSkybox":true,"showFlares":true,"showImageEffects":true,"showParticleSystems":true},"in2DMode":false,"pivot":{"x":-14.409032821655274,"y":24.856548309326173,"z":-6.691954135894775},"rotation":{"x":0.2851080596446991,"y":-0.11612545698881149,"z":0.034751687198877338,"w":0.950840175151825},"size":4.551219940185547,"orthographic":false}