{"cameraMode":{"drawMode":0,"name":"Shaded","section":"Shading Mode"},"sceneLighting":false,"audioPlay":false,"sceneViewState":{"showFog":true,"showMaterialUpdate":false,"showSkybox":false,"showFlares":true,"showImageEffects":true,"showParticleSystems":true},"in2DMode":false,"pivot":{"x":-0.023397624492645265,"y":0.2734796106815338,"z":-0.00681576132774353},"rotation":{"x":-0.2014205902814865,"y":0.009406328201293946,"z":-0.0019121605437248946,"w":-0.9794886708259583},"size":2.386770486831665,"orthographic":false}