{"cameraMode":{"drawMode":0,"name":"Shaded","section":"Shading Mode"},"sceneLighting":true,"audioPlay":false,"sceneViewState":{"showFog":true,"showMaterialUpdate":false,"showSkybox":true,"showFlares":true,"showImageEffects":true,"showParticleSystems":true},"in2DMode":false,"pivot":{"x":89.80064392089844,"y":10.780471801757813,"z":-0.7237675189971924},"rotation":{"x":0.07587597519159317,"y":-0.11936216056346894,"z":0.009148984216153622,"w":0.9899056553840637},"size":16.953903198242189,"orthographic":false}