{"cameraMode":{"drawMode":0,"name":"Shaded","section":"Shading Mode"},"sceneLighting":false,"audioPlay":false,"sceneViewState":{"showFog":true,"showMaterialUpdate":false,"showSkybox":false,"showFlares":true,"showImageEffects":true,"showParticleSystems":true},"in2DMode":false,"pivot":{"x":-0.03666400909423828,"y":0.28995150327682497,"z":-0.07242244482040405},"rotation":{"x":-0.2867628335952759,"y":0.36197957396507265,"z":-0.1180683970451355,"w":-0.8791104555130005},"size":4.225454330444336,"orthographic":false}