{"cameraMode":{"drawMode":0,"name":"Shaded","section":"Shading Mode"},"sceneLighting":true,"audioPlay":false,"sceneViewState":{"showFog":true,"showMaterialUpdate":false,"showSkybox":true,"showFlares":true,"showImageEffects":true,"showParticleSystems":true},"in2DMode":false,"pivot":{"x":96.37800598144531,"y":-11.441280364990235,"z":62.17107391357422},"rotation":{"x":-0.12412402033805847,"y":0.17660416662693025,"z":-0.021632472053170205,"w":-0.9763311743736267},"size":74.7912368774414,"orthographic":false}