{"cameraMode":{"drawMode":0,"name":"Shaded","section":"Shading Mode"},"sceneLighting":false,"audioPlay":false,"sceneViewState":{"showFog":true,"showMaterialUpdate":false,"showSkybox":false,"showFlares":true,"showImageEffects":true,"showParticleSystems":true},"in2DMode":false,"pivot":{"x":0.0006048679351806641,"y":2.027233839035034,"z":0.08830380439758301},"rotation":{"x":-0.47263622283935549,"y":-0.012674259021878243,"z":0.006836653687059879,"w":-0.8811919093132019},"size":7.713436126708984,"orthographic":false}