{"cameraMode":{"drawMode":0,"name":"Shaded","section":"Shading Mode"},"sceneLighting":true,"audioPlay":false,"sceneViewState":{"showFog":true,"showMaterialUpdate":false,"showSkybox":true,"showFlares":true,"showImageEffects":true,"showParticleSystems":true},"in2DMode":false,"pivot":{"x":227.8439178466797,"y":-2.6211116313934328,"z":10.019227981567383},"rotation":{"x":-0.08270074427127838,"y":0.01853240095078945,"z":-0.0015381603734567762,"w":-0.9964006543159485},"size":29.08042335510254,"orthographic":false}