{"cameraMode":{"drawMode":0,"name":"Shaded","section":"Shading Mode"},"sceneLighting":true,"audioPlay":false,"sceneViewState":{"showFog":true,"showMaterialUpdate":false,"showSkybox":true,"showFlares":true,"showImageEffects":true,"showParticleSystems":true},"in2DMode":false,"pivot":{"x":97.69072723388672,"y":5.483799457550049,"z":-5.340109348297119},"rotation":{"x":-0.11835233122110367,"y":-0.05448877811431885,"z":0.00650588097050786,"w":-0.9914600253105164},"size":36.43766784667969,"orthographic":false}