{"cameraMode":{"drawMode":0,"name":"Shaded","section":"Shading Mode"},"sceneLighting":true,"audioPlay":false,"sceneViewState":{"showFog":true,"showMaterialUpdate":false,"showSkybox":true,"showFlares":true,"showImageEffects":true,"showParticleSystems":true},"in2DMode":false,"pivot":{"x":96.62612915039063,"y":5.7474751472473148,"z":-10.306037902832032},"rotation":{"x":-0.05875054746866226,"y":-0.029347853735089303,"z":0.0017279539024457336,"w":-0.9978410601615906},"size":14.060803413391114,"orthographic":false}