{"cameraMode":{"drawMode":0,"name":"Shaded","section":"Shading Mode"},"sceneLighting":true,"audioPlay":false,"sceneViewState":{"showFog":true,"showMaterialUpdate":false,"showSkybox":true,"showFlares":true,"showImageEffects":true,"showParticleSystems":true},"in2DMode":false,"pivot":{"x":15.55872917175293,"y":4.306434631347656,"z":0.0},"rotation":{"x":-0.19845889508724214,"y":0.0152860963717103,"z":-0.003095632651820779,"w":-0.979986310005188},"size":5.7157673835754398,"orthographic":false}