{"cameraMode":{"drawMode":0,"name":"Shaded","section":"Shading Mode"},"sceneLighting":true,"audioPlay":false,"sceneViewState":{"showFog":true,"showMaterialUpdate":false,"showSkybox":true,"showFlares":true,"showImageEffects":true,"showParticleSystems":true},"in2DMode":false,"pivot":{"x":29.88790512084961,"y":5.901890754699707,"z":1.3502373695373536},"rotation":{"x":-0.1751996874809265,"y":0.0044273491948843,"z":-0.0007880633347667754,"w":-0.9845269322395325},"size":9.847416877746582,"orthographic":false}