{"cameraMode":{"drawMode":0,"name":"Shaded","section":"Shading Mode"},"sceneLighting":true,"audioPlay":false,"sceneViewState":{"showFog":true,"showMaterialUpdate":false,"showSkybox":true,"showFlares":true,"showImageEffects":true,"showParticleSystems":true},"in2DMode":false,"pivot":{"x":48.613868713378909,"y":6.249913215637207,"z":-5.519999980926514},"rotation":{"x":-0.06559285521507263,"y":-0.16949854791164399,"z":0.01130698248744011,"w":-0.9832817912101746},"size":22.0,"orthographic":false}